"","IID","Z_norm2"
"1","4694",2.52182931507732
"2","4723",0.479102117092563
"3","4847",-1.54749086696565
"4","4936",0.792564516324514
"5","7203",-1.05227497198844
"6","7223",-0.356758314604303
"7","7469",-1.32245021859397
"8","7499",1.73156459972611
"9","7544",1.79958675358243
"10","7601",0.883621922864912
"11","7611",0.0228413554327896
"12","7612",-0.925570905086268
"13","7613",0.921216622480811
"14","7614",1.48541606418607
"15","7615",-2.56357775985142
"16","7617",-0.859072645918858
"17","7618",-1.81444013132235
"18","7619",0.440640881515782
"19","7620",0.994659221706682
"20","7621",-0.4267154008431
"21","7622",-0.802134008134547
"22","7623",-0.590430946112875
"23","7624",-0.247891805009101
"24","7625",-0.449769737218822
"25","7626",-0.486135426248438
"26","7628",-0.315948345330174
"27","7629",-0.208978986219786
"28","7630",1.53621618625358
"29","7631",-0.62434582460093
"30","7633",0.677501992057397
"31","7634",-0.120858356114564
"32","7635",-0.677694794146291
"33","7637",-0.150034227417447
"34","7638",1.22313743920424
"35","7640",-0.614188185518665
"36","7641",-0.00462940438472603
"37","7643",1.07762534889072
"38","7644",-1.01894718359432
"39","7648",0.776871525448767
"40","7656",0.518468312928396
"41","7658",-0.855711157101664
"42","7659",1.07758880954394
"43","7660",0.916709525174918
"44","7661",0.899328801902261
"45","7678",-1.7273472113399
"46","7679",0.474885423759631
"47","7680",0.503954085214241
"48","7681",0.643345143322169
"49","7682",0.934006695485288
"50","7683",-1.96470607365828
"51","7684",-2.12217118349842
"52","7685",-1.66949698849056
"53","7687",-0.612248412511979
"54","7689",-0.389299770765139
"55","7690",0.145073093672725
"56","7691",-2.05459076499601
"57","7693",-0.709583600477118
"58","7695",0.209260157858842
"59","7698",0.690320209441533
"60","7701",0.903182765278212
"61","7702",0.918871158625942
"62","7703",0.0121392392502437
"63","7704",0.775017304697462
"64","7705",0.5891151312651
"65","7706",-0.552367378806817
"66","7707",0.896466444216678
"67","7709",0.175644215286769
"68","7710",-0.254889729755686
"69","7711",-1.08667507644147
"70","7712",1.29069817243343
"71","7713",1.68939821627466
"72","7714",-0.0891459205033999
"73","7715",-2.41857034861925
"74","7717",0.856161862136346
"75","7718",0.342740705442749
"76","7719",-0.611475187532346
"77","7720",0.828657143576408
"78","7721",0.604978072290049
"79","7723",-0.370702582142603
"80","7725",-1.21756952870288
"81","7726",-0.125071441455004
"82","7727",-0.0678066900116234
"83","7728",0.0387275475529506
"84","7729",0.203084270392222
"85","7730",-0.986522556636053
"86","7731",-0.111219263432144
"87","7733",0.82385297684846
"88","7734",1.10694318441548
"89","7735",-0.647965736857995
"90","7736",1.22691228424661
"91","7737",0.64917055488942
"92","7738",-0.374496421812219
"93","7739",-0.258283579567359
"94","7740",0.360833891300039
"95","7741",1.44145685718817
"96","7742",-0.31033854651905
"97","7743",0.16522020157789
"98","7744",-0.633142601836332
"99","7745",-0.740333797145829
"100","7746",-1.75872027984083
"101","7747",0.283149559882144
"102","7748",0.486214323622262
"103","7749",0.205846686283407
"104","7750",-1.77569815806685
"105","7751",0.984745516931371
"106","7752",-0.0933019471192726
"107","7753",0.518222256731492
"108","7754",1.22524352927655
"109","7756",-0.966413834978046
"110","7757",-0.765310626316012
"111","7760",-1.92361221258573
"112","7761",-0.320598501697059
"113","7762",0.810134932930664
"114","7763",0.673807657540549
"115","7764",0.990450269536349
"116","7765",-1.77016229725173
"117","7766",0.500339647399398
"118","7767",1.15884234607972
"119","7768",-0.492885578942523
"120","7769",-1.97894315703499
"121","7770",0.466396568181867
"122","7771",-0.365099495548615
"123","7772",-0.0722836494606931
"124","7773",-0.754683971137269
"125","7774",0.58618449597531
"126","7775",0.278127573725527
"127","7776",0.077508580138523
"128","7777",-0.0436088742205423
"129","7778",-1.17189100541412
"130","7779",-0.697022535084479
"131","7780",-0.215508727286209
"132","7781",-1.23998786601867
"133","7782",-1.56211031581775
"134","7783",0.808387449456662
"135","7784",-0.773937404564482
"136","7786",0.390872734102479
"137","7787",0.0509429979327087
"138","7788",-0.397078142550039
"139","7789",0.589797975537105
"140","7790",0.421005130074187
"141","7791",0.599698288382881
"142","7792",0.331223769138579
"143","7793",-0.0071417646305686
"144","7794",-0.364436589780703
"145","7795",0.0432334585256475
"146","7796",2.2736651965519
"147","7798",-0.630698316264963
"148","7799",-0.862610332190627
"149","7800",0.446204910177667
"150","7802",0.208347032372062
"151","7803",-0.356459193948275
"152","7804",1.00603920583844
"153","7805",-1.74124096441952
"154","7806",-0.35338977477792
"155","7807",-0.112133230070575
"156","7808",-0.46505690848195
"157","7809",0.498574849115043
"158","7810",0.176639345457812
"159","7811",1.05206987081052
"160","7813",0.385953865946285
"161","7814",0.840426960938779
"162","7815",0.159589884333222
"163","7816",0.403569620742985
"164","7817",0.147574563645416
"165","7818",-0.0679157955534221
"166","7819",-0.677391896925173
"167","7820",-0.774949960676302
"168","7821",0.804429472530272
"169","7822",-0.55476935437069
"170","7823",-1.31655450272603
"171","7824",-1.59174282436875
"172","7825",0.635324632759807
"173","7826",0.624971550309485
"174","7827",-0.548706184195094
"175","7828",0.914468427020859
"176","7829",-0.856543761700283
"177","7830",-0.316795251564445
"178","7831",1.2875091210576
"179","7832",-0.591722249896077
"180","7833",-0.194689213159154
"181","7834",-0.791629479465932
"182","7835",2.23234920365148
"183","7836",-0.769714569189471
"184","7837",1.72284432183601
"185","7838",-0.0599274562215408
"186","7839",-0.448866356910229
"187","7840",0.51654614449004
"188","7841",1.58057438118746
"189","7842",0.501576687439338
"190","7843",0.52316849832671
"191","7844",1.50752169041492
"192","7845",0.0949055418825166
"193","7846",0.855321398575153
"194","7847",-0.0148096685822397
"195","7849",-1.2546148393391
"196","7850",1.35853646030771
"197","7851",0.248646669060841
"198","7852",0.764158549883838
"199","7853",0.137026614596389
"200","7854",1.87257119591205
"201","7855",0.147510838247416
"202","7856",1.91720049539931
"203","7857",-0.670549454270992
"204","7858",-1.22187038074744
"205","7861",-1.10121995984009
"206","7863",0.84573909591538
"207","7864",-0.612109917103364
"208","7865",0.453833226743794
"209","7866",-0.65279198491677
"210","7867",-0.72216681596367
"211","7868",-0.113358011706735
"212","7869",1.83319370916273
"213","7870",0.389814690998489
"214","7871",0.551059597899429
"215","7872",1.53933565219328
"216","7873",-1.77070064543048
"217","7874",-0.882177926516871
"218","7875",0.199192887483298
"219","7876",0.314750799555336
"220","7877",0.753312857961353
"221","7878",0.948416911228751
"222","7879",-1.09426665316943
"223","7880",-1.95702163132653
"224","7881",0.443966165521582
"225","7882",0.0801994463778357
"226","7883",0.535930813654384
"227","7884",1.76280346694727
"228","7885",-0.177811098892397
"229","7886",0.305485489737513
"230","7887",-0.538979557080493
"231","7888",0.0625019634956814
"232","7889",0.0732976818219826
"233","7890",-0.00629062162475532
"234","7891",-1.06162622767003
"235","7892",-2.23195396145529
"236","7893",0.0123046341242885
"237","7894",-0.639529275089265
"238","7895",-0.91818479430574
"239","7896",-0.242497645593706
"240","7897",2.10320740388311
"241","7898",-0.0491075338199695
"242","7900",1.28030757727192
"243","7901",-0.984643600611762
"244","7902",0.09469546779549
"245","7904",0.231587885748771
"246","7905",-0.50606387329064
"247","7906",0.336982920255789
"248","7908",-3.01694881000824
"249","7910",-0.585008645327434
"250","7911",0.569773617214352
"251","7912",0.475617617277381
"252","7913",-0.0585404466279265
"253","7915",0.0644772787926274
"254","7916",0.918842333706931
"255","7917",2.75244528052623
"256","7918",0.472928907245015
"257","7919",0.0354303049143643
"258","7920",-0.554634446366546
"259","7921",-0.543741972114613
"260","7922",-0.418816641605728
"261","7923",1.67337883159029
"262","7924",-0.273118942217837
"263","7925",0.0359216815487592
"264","7926",-0.25943178577977
"265","7927",-0.602383783600818
"266","7928",-0.125809094371298
"267","7929",-0.129801966582708
"268","7930",0.785988305406524
"269","7931",0.233770508581876
"270","7932",-0.621361447056923
"271","7933",-1.15606659059546
"272","7934",-0.21888055118511
"273","7935",-0.200257155045307
"274","7936",0.684290358595376
"275","7937",0.127748087134945
"276","7938",-0.33661015848313
"277","7939",2.15941604571178
"278","7940",0.960903858131725
"279","7941",-1.10129918929105
"280","7942",0.17907201848247
"281","7943",-0.511524316181654
"282","7944",-1.61864867994901
"283","7945",-0.482017316244422
"284","7946",1.28854634824709
"285","7947",-0.37012222581893
"286","7948",-0.564770726397041
"287","7949",-0.511571394778649
"288","7950",-0.469273162505897
"289","7951",-1.18367433694538
"290","7952",1.47313194513036
"291","7953",1.42536901906573
"292","7954",-0.33869849688052
"293","7955",-0.989846006132925
"294","7956",-1.0398792651341
"295","7957",0.292366590882371
"296","7958",0.559171996200557
"297","7959",1.0346184370835
"298","7960",1.08174432244783
"299","7961",1.01349462422846
"300","7962",0.632330585478354
"301","7963",-0.497578604230746
"302","7964",0.859415440495273
"303","7965",1.49749394037702
"304","7966",0.570626553541788
"305","7967",0.00779138893926742
"306","7968",0.639088737891991
"307","7969",0.232857276343703
"308","7970",-0.46497982229887
"309","7971",1.46477707440446
"310","7972",0.807235575172169
"311","7973",0.97075986633512
"312","7974",0.619136226279366
"313","7975",0.760662068643606
"314","7976",-1.04576812445892
"315","7977",-0.518532118376255
"316","7978",-0.450905684639509
"317","7979",1.54040434509539
"318","7980",0.772401447097383
"319","7981",0.739420049877456
"320","7982",-0.189711110891243
"321","7983",-0.579919257251578
"322","7984",0.245334139120116
"323","7985",0.191851262175305
"324","7986",0.120024174744549
"325","7987",-1.60117412243366
"326","7988",-0.0875797295946247
"327","7989",0.391149450914635
"328","7997",-0.270480326927915
"329","7998",1.16567240854265
"330","7999",0.0982307151925095
"331","8006",-1.37383316678701
"332","8007",1.2223156322686
"333","8010",-0.366282312397603
"334","8011",-0.367361460999378
"335","8012",-0.304294734790599
"336","8013",0.850718434029043
"337","8014",1.0379711299087
"338","8015",0.670209097949152
"339","8016",2.72015148942948
"340","8017",-0.739703705047286
"341","8018",-0.465244275760993
"342","8019",2.30142874726114
"343","8020",-0.572530827665317
"344","8021",-0.668820808610423
"345","8023",-1.61623447492739
"346","8024",-0.416074120581442
"347","8025",-0.903243843699198
"348","8026",0.197752817687159
"349","8027",-0.493788913337454
"350","8028",-1.23551018501367
"351","8029",-0.27504062821002
"352","8030",0.0439402402356566
"353","8031",0.602938235463187
"354","8032",-2.62444058033586
"355","8033",-0.26582011330204
"356","8034",-0.76916286953101
"357","8035",1.17621965993104
"358","8036",1.14279703318883
"359","8037",-2.38271672900813
"360","8038",-0.248686432495353
"361","8039",0.897953192566757
"362","8040",-0.925820511796566
"363","8041",0.00134666968913693
"364","8042",-1.65494637526146
"365","8043",-0.631416958545637
"366","8044",1.35823407886876
"367","8045",1.40851955807125
"368","8046",1.13312172331031
"369","8047",0.959166009946804
"370","8048",-1.41533057380967
"371","8049",-0.572991630368291
"372","8050",0.923747898842308
"373","8051",-0.987292994527644
"374","8052",-0.258230410897072
"375","8053",-0.749775474434972
"376","8054",0.0721973998299755
"377","8055",1.20846196437471
"378","8056",-1.3198425009645
"379","8057",0.241141165060701
"380","8058",-1.02856825117708
"381","8059",0.209047157404725
"382","8060",0.253769142841128
"383","8061",-0.29464603740649
"384","8062",-0.492902144390992
"385","8063",0.347444587797807
"386","8064",-1.02079457463978
"387","8065",-1.6582824253443
"388","8066",-0.0513739792909042
"389","8067",0.490305273906041
"390","8068",-1.29738371749829
"391","8070",0.877224982456347
"392","8071",-0.163985721229564
"393","8072",-0.573965868276304
"394","8073",1.28912786598277
"395","8074",2.14923262819317
"396","8075",2.0698573878234
"397","8076",0.110284042054544
"398","8077",0.470767382933818
"399","8078",0.00350590762509193
"400","8079",0.501787664278595
"401","8080",-0.348133412055112
"402","8082",-0.39115802909839
"403","8083",0.571867471994551
"404","8084",-1.83082834742239
"405","8085",2.12031922019326
"406","8086",0.780381458793824
"407","8087",0.655382232597627
"408","8088",-1.09039812308553
"409","8089",-0.277508058419717
"410","8090",-1.28603655518102
"411","8091",-0.421154816302799
"412","8092",-0.37138105588568
"413","8094",0.210014886884415
"414","8095",0.510922924058775
"415","8096",0.867778918536756
"416","8097",-0.167136274366058
"417","8098",1.81354545429032
"418","8099",-1.33992698190221
"419","8100",0.653460734706035
"420","8101",0.70028360642106
"421","8102",1.08348501727789
"422","8103",-0.221643543564367
"423","8104",-0.0343022417559361
"424","8105",1.7979061342354
"425","8107",-0.0382675286227082
"426","8108",1.03799029804072
"427","8109",0.972285113444312
"428","8110",-0.0341601274189482
"429","8111",-0.540084723059996
"430","8112",-1.21253641704848
"431","8114",-0.206054231703975
"432","8115",-0.0489395803635094
"433","8116",1.60107629613447
"434","8117",1.66222907713876
"435","8118",-1.60584205395354
"436","8119",0.424118977638719
"437","8120",1.08089768015842
"438","8121",-0.220241806207937
"439","8122",-0.0183701688423344
"440","8123",0.135343390342623
"441","8124",1.36302075608574
"442","8125",-0.380517490116975
"443","8126",-0.860208097874346
"444","8127",1.13187463555501
"445","8128",-0.275540236203568
"446","8129",0.411448115457497
"447","8130",0.111297054062408
"448","8131",0.24677325075705
"449","8132",0.19921082884497
"450","8133",1.19144579143039
"451","8134",0.196498034153844
"452","8135",-0.609645989052601
"453","8136",-0.911816884708133
"454","8137",0.201146091125241
"455","8138",-2.29554167339953
"456","8139",-1.82530445093758
"457","8141",0.971536457287975
"458","8142",1.09835283511029
"459","8143",-0.048789129199881
"460","8144",0.271612606141612
"461","8145",-0.0754887149492071
"462","8146",-0.852871976722857
"463","8147",-0.154710138379988
"464","8148",-1.11667924335821
"465","8149",1.51674124644606
"466","8150",-2.48944328193892
"467","8151",0.895931205333097
"468","8152",1.05631795801386
"469","8153",2.0788692748527
"470","8154",2.19884718210171
"471","8155",2.11388648321559
"472","8156",0.447136149355445
"473","8159",-1.14603165991981
"474","8160",-0.0295342323959147
"475","8161",-0.975259212480409
"476","8162",1.46358724320116
"477","8163",-2.02034157641689
"478","8164",-0.0597530577234256
"479","8165",-0.495992707397789
"480","8166",-0.913339713151356
"481","8170",0.533313271898691
"482","8172",1.75544412733222
"483","8173",0.232082883006606
"484","8177",-0.198385683648404
"485","8179",0.167578164413723
"486","8181",0.447807097862023
"487","8182",-1.30237927909069
"488","8183",-0.140059946513214
"489","8184",-0.304322825404801
"490","8186",-0.751453488380842
"491","8188",-0.726210349836845
"492","8189",-1.24214553336522
"493","8190",-0.464373573918451
"494","8191",-0.973830108638471
"495","8192",0.548754091960403
"496","8194",-1.11502084310376
"497","8197",-0.309998771905772
"498","8199",-0.118455741162695
"499","8201",-0.806719404128336
"500","8202",0.438837154850795
"501","8203",-1.4121759479417
"502","8204",0.624409815274303
"503","8205",1.49931220882024
"504","8206",1.2695891618443
"505","8207",0.028766762041775
"506","8208",-0.0190815106074234
"507","8209",0.574390060325002
"508","8211",-1.38331933071591
"509","8212",-1.26246533956996
"510","8213",0.62794042562628
"511","8217",1.16477642343055
"512","8220",0.248602646812936
"513","8221",-1.72470096128195
"514","8222",-1.02523173574624
"515","8223",-0.0872192129313115
"516","8224",0.501722233233724
"517","8226",-1.09284428355831
"518","8227",1.52066175529972
"519","8228",-0.652950387886233
"520","8229",0.878492607129529
"521","8231",0.837983890107459
"522","8234",-0.515219614765083
"523","8238",-0.200224446273212
"524","8240",-0.00748223897538805
"525","8241",-1.63916743093682
"526","8242",-1.30394737287745
"527","8243",1.95525814494668
"528","8244",-0.377175398205527
"529","8245",0.615940047250685
"530","8247",1.38758261734361
"531","8248",-0.709803045558448
"532","8249",-0.51402566097579
"533","8251",1.07139795016353
"534","8253",0.333141834282313
"535","8254",0.301307196661983
"536","8256",-0.0938138046734919
"537","8259",0.0916852496871521
"538","8260",-0.746611911745082
"539","8264",0.381278777222046
"540","8268",-0.0517062600242118
"541","8270",0.0465342798093976
"542","8271",1.38214795654155
"543","8272",-0.928304186870838
"544","8273",-1.59591601950558
"545","8275",-0.194220565165692
"546","8276",-0.364967466386059
"547","8277",0.170970251852593
"548","8278",-0.0830074297191229
"549","8279",-0.258790412867651
"550","8281",-1.14752791812703
"551","8284",-0.951246717862582
"552","8285",-0.404464365189593
"553","8286",-0.739933360249456
"554","8288",0.079377452326405
"555","8289",-0.267612704732346
"556","8290",0.308725867359446
"557","8291",0.376525336018179
"558","8292",0.0734469413015373
"559","8294",0.19581256690872
"560","8295",-0.635427188623782
"561","8296",0.232844013878576
"562","8297",0.452595371349918
"563","8299",0.783805232508843
"564","8300",0.735466390940617
"565","8301",-0.184374063551776
"566","8302",0.0536066097382182
"567","8303",1.05678308322491
"568","8304",-1.1199379528359
"569","8305",0.00812920379696918
"570","8306",-1.55702803359574
"571","8307",0.739824499491025
"572","8308",1.42717574889396
"573","8310",0.793110947541194
"574","8311",-1.24716239695787
"575","8312",-0.640730786819552
"576","8313",-0.206013385108049
"577","8314",0.662948541386056
"578","8315",-0.181978528668533
"579","8317",1.49473015135773
"580","8318",0.121578684512098
"581","8319",0.546653476748916
"582","8320",-2.34612622706871
"583","8321",-1.29914223417104
"584","8322",-0.570477372561144
"585","8323",-0.0533674882087095
"586","8324",1.42058474174131
"587","8326",-1.24033261455494
"588","8327",-1.14902390482058
"589","8329",0.840528893766411
"590","8330",0.0161569521584618
"591","8331",0.23744549382729
"592","8332",0.752757195949331
"593","8333",0.72281704884463
"594","8334",-1.46360817965143
"595","8335",1.47073173742737
"596","8336",-0.0309042162293734
"597","8337",1.02051137295848
"598","8338",-1.98664290490749
"599","8339",-1.24167351140013
"600","8340",0.547555944256231
"601","8341",-0.327200834691656
"602","8342",-1.41622453576349
"603","8343",-1.54763971625891
"604","8344",-0.912815244851262
"605","8345",0.239226282534774
"606","8346",-0.385129460782021
"607","8347",-0.130382852061007
"608","8348",1.30585698748113
"609","8349",-0.815876146993115
"610","8350",0.282030778566599
"611","8351",-0.354091563794625
"612","8352",-0.612574918971239
"613","8353",1.03426367422017
"614","8354",0.927079658088234
"615","8355",1.01130218498722
"616","8356",-0.36367763209844
"617","8357",-0.518992279018361
"618","8358",1.44069962137144
"619","8359",-0.119209245934386
"620","8360",0.974809579710925
"621","8361",0.860499427453599
"622","8362",1.01096501854115
"623","8363",1.58041119429651
"624","8364",0.266445155017649
"625","8365",0.654819318485789
"626","8366",0.824600010903814
"627","8367",-0.899491251513547
"628","8369",1.14910337945731
"629","8370",-0.880034858761574
"630","8371",0.324933155752962
"631","8372",0.572685678340141
"632","8373",0.362023281921708
"633","8374",1.01404665235051
"634","8375",0.866385538457472
"635","8376",1.36782956066595
"636","8377",0.274607937358291
"637","8378",0.559400362859402
"638","8379",0.62491135110111
"639","8380",1.48551379065742
"640","8381",-0.198956355413644
"641","8382",-0.871588747623175
"642","8383",0.189623371834064
"643","8384",1.70397478992288
"644","8385",0.118608291552716
"645","8386",0.45567538830103
"646","8387",0.212503318612854
"647","8389",0.744673738533155
"648","8390",0.663224475611319
"649","8391",1.50803466919054
"650","8392",-0.175476128049682
"651","8393",-1.42466240390687
"652","8394",-1.49426060649588
"653","8395",-0.825346506990621
"654","8396",0.574487756719224
"655","8397",-0.998354089960665
"656","8398",-0.616433706632809
"657","8399",-0.202393912156767
"658","8400",-0.276390676679256
"659","8401",0.534216754258418
"660","8402",-0.324853754548932
"661","8403",-0.68014561600108
"662","8404",-0.179599521074271
"663","8405",0.929796143870308
"664","8406",1.76983195742402
"665","8407",-0.0193484145350369
"666","8408",1.48188914817887
"667","8409",1.43391463182845
"668","8411",0.713014099278051
"669","8412",1.06509010232274
"670","8413",-0.314829707441849
"671","8414",-0.494171951565393
"672","8415",1.13167512013771
"673","8417",0.493333544794632
"674","8418",-0.663768534119765
"675","8419",-0.510854232116166
"676","8420",0.611896150654867
"677","8421",-0.877303328544669
"678","8422",-0.575251892832127
"679","8423",-1.2422144396242
"680","8424",0.12543871410863
"681","8425",-0.700262136176456
"682","8426",0.257172871488138
"683","8427",-0.580515289433792
"684","8428",-1.37311138797913
"685","8429",-0.438096210604726
"686","8430",-0.335734104626583
"687","8431",-1.07306263278616
"688","8432",-2.11987775272555
"689","8433",-2.2702483678669
"690","8434",0.255693513420148
"691","8436",0.826380401865173
"692","8437",0.452517851680483
"693","8438",1.12028815421513
"694","8439",-0.640558402065653
"695","8440",0.456862378065482
"696","8441",-0.207646563025967
"697","8442",0.979117045192291
"698","8443",1.85917046930678
"699","8445",-0.124323337834073
"700","8446",-0.665982777909293
"701","8447",0.267612701634796
"702","8448",-0.505065274639185
"703","8449",2.35008353123072
"704","8450",0.267710631593199
"705","8451",1.03845755091649
"706","8452",2.01460487197574
"707","8453",-1.40567761788576
"708","8454",-0.586153822590212
"709","8455",-0.00200377061184145
"710","8456",0.364665295155374
"711","8457",-0.108728544452455
"712","8458",-1.18588783449542
"713","8459",1.33762595165848
"714","8460",1.42119172742878
"715","8461",-1.11491121153999
"716","8462",-0.666131650635391
"717","8464",-0.361763883228032
"718","8465",1.07721989128239
"719","8466",-0.632915998547288
"720","8467",0.252471603510145
"721","8468",-0.238996927176257
"722","8469",-0.481825092197658
"723","8470",0.681428492956473
"724","8471",-2.05456460456241
"725","8472",-0.155218908290787
"726","8474",-0.319541517459509
"727","8475",-0.155240026341146
"728","8476",-2.37204195946401
"729","8477",0.576888003432084
"730","8478",-0.957465939660098
"731","8479",-0.0877060810318617
"732","8480",1.15568596728892
"733","8481",0.417790989962927
"734","8482",1.88316316085881
"735","8483",1.21429431853376
"736","8484",-0.14556529387841
"737","8485",-0.0293434578975563
"738","8486",0.955213000039666
"739","8488",0.145949437775277
"740","8489",-0.125573391846656
"741","8490",-0.971336528177131
"742","8491",0.636817657083044
"743","8492",0.521331319936008
"744","8493",-0.653590962608485
"745","8494",-1.28390808371562
"746","8495",0.176548536721876
"747","8496",0.998606590661118
"748","8497",0.308182538482698
"749","8498",-0.798316859433155
"750","8499",0.292849296087117
"751","8500",-0.0700790746082883
"752","8501",1.42934994266561
"753","8502",0.144152712148782
"754","8503",-0.356642574630871
"755","8504",-1.51344157380147
"756","8505",0.690664123232758
"757","8506",0.381476178756755
"758","8507",-1.10692119538413
"759","8508",0.127864820259605
"760","8509",0.259097433322663
"761","8510",0.332554591575372
"762","8511",-0.969409687880876
"763","8512",-0.23081856840044
"764","8513",-0.38382588835556
"765","8514",-0.994791114747261
"766","8515",1.38004001803389
"767","8516",0.0447886095996915
"768","8517",1.25938797306248
"769","8518",0.212841042506207
"770","8519",0.265235058096677
"771","8520",1.1753814240263
"772","8521",0.650516669154438
"773","8522",0.585865191420142
"774","8524",0.123845258299618
"775","8525",-0.152740353201435
"776","8536",-0.963424719572486
"777","8558",-1.03404021715141
"778","8559",-1.26980709326739
"779","8560",-0.567535766592316
"780","8561",0.959313487417271
"781","8562",0.756029108288823
"782","8563",0.916063215173142
"783","8564",2.55087248780308
"784","8565",-0.229500335504591
"785","8566",-0.179542572867432
"786","8567",-2.09188686139852
"787","8568",0.157758545951879
"788","8569",1.16952740836015
"789","8570",-1.11137934267423
"790","8571",-1.35397615756165
"791","8572",0.376301281992819
"792","8573",1.38249908922385
"793","8574",-0.158350030797345
"794","8575",1.30105185880245
"795","8576",-0.616325935073974
"796","8577",-0.843812143212996
"797","8578",-1.58484032856572
"798","8579",-0.35167290894077
"799","8580",0.343412376900181
"800","8581",-1.59269767254565
"801","8582",1.18409868339273
"802","8583",1.03010894296382
"803","8584",0.36831012543831
"804","8585",1.02076131787078
"805","8586",0.263180039014693
"806","8587",-0.935261211993738
"807","8588",-0.676064573810502
"808","8589",-0.669276001756051
"809","8590",-0.263109724561479
"810","8591",0.20293032955713
"811","8592",0.634032803114873
"812","8593",0.883775434044799
"813","8594",0.67909990760134
"814","8596",-2.40789391430319
"815","8597",1.19869665279823
"816","8598",-0.251685484570992
"817","8599",-0.0538918832922023
"818","8600",0.217527824572855
"819","8601",0.0716502894262292
"820","8602",-0.521424521532334
"821","8603",1.13438369600145
"822","8604",0.827943493528137
"823","8605",-0.6664963600688
"824","8606",-1.17146275479568
"825","8607",-0.000414778662864078
"826","8608",0.273320102182577
"827","8609",0.525814689934558
"828","8610",-0.0760112052190088
"829","8611",-0.10191841640112
"830","8612",-0.664044085833739
"831","8613",0.734117979258807
"832","8614",0.445182174608495
"833","8615",0.691657203883206
"834","8616",0.179819078347394
"835","8617",-0.911345966379832
"836","8618",-1.22974938919357
"837","8619",1.3833373113159
"838","8620",-0.315423171825723
"839","8621",-0.793474588295837
"840","8622",0.386492963399324
"841","8623",1.35580230011784
"842","8624",1.64750773309765
"843","8625",-0.447108410607791
"844","8626",1.72469838652992
"845","8627",0.707860092586365
"846","8628",0.239079632581967
"847","8629",1.41269258575629
"848","8630",-0.0550178320546941
"849","8631",0.0723206526093102
"850","8632",-0.741457052175018
"851","8633",0.662678572669415
"852","8634",1.66866253953363
"853","8635",-1.43902224560486
"854","8636",0.685758060200329
"855","8637",1.25935857112462
"856","8638",0.0691673284124765
"857","8639",0.32355018578368
"858","8640",-0.144037256851517
"859","8641",0.874146096900667
"860","8642",0.653950747708004
"861","8643",0.164355295387545
"862","8644",0.220955026330795
"863","8646",0.496605421773301
"864","8647",-1.63224975848629
"865","8648",0.703570616248621
"866","8649",1.37700698992535
"867","8650",0.238736842246008
"868","8651",-0.337051944227581
"869","8652",-0.246902691631321
"870","8653",2.52632875018985
"871","8654",0.571767486310159
"872","8655",0.0541686571974
"873","8656",-0.231889758300591
"874","8657",0.868865086336802
"875","8658",1.33351766966864
"876","8659",-0.81012553213511
"877","8660",-1.54516513442345
"878","8661",0.181377874618407
"879","8662",-0.32082935707559
"880","8663",0.47758833388852
"881","8664",-0.0739800542612804
"882","8665",1.60314494838811
"883","8666",1.29996234169076
"884","8667",-0.257053909215564
"885","8668",-0.256908316589746
"886","8669",0.127222789708834
"887","8670",-0.747296474277285
"888","8671",1.46536798696767
"889","8672",2.12795825429236
"890","8673",0.396590120572692
"891","8674",-1.41876195109659
"892","8675",-0.60780860204497
"893","8676",1.30703994359327
"894","8677",0.508638279591127
"895","8678",0.408998282258509
"896","8679",0.259231914654124
"897","8681",0.158584937497032
"898","8682",-1.16044457464461
"899","8683",0.535710073923263
"900","8684",1.21707184644657
"901","8685",1.97099505485236
"902","8686",-1.14055848874527
"903","8687",-0.204247126807184
"904","8688",-0.485454783687288
"905","8689",0.160897871434023
"906","8690",0.963212596926417
"907","8691",1.05690882107853
"908","8692",-0.736490548324475
"909","8693",-0.752089185569193
"910","8694",1.23887699947858
"911","8695",-1.39547665286411
"912","8696",0.986259853140192
"913","8697",1.07295029483207
"914","8698",-0.0492730552230816
"915","8699",-0.874498081477884
"916","8700",0.2264645085953
"917","8701",0.709334848715325
"918","8702",-0.42736314369774
"919","8703",1.34763541810937
"920","8704",1.11458836697823
"921","8705",-1.61354783739642
"922","8706",-0.0119653497834088
"923","8707",1.81958374499943
"924","8708",0.837147379013246
"925","8709",0.249733897785063
"926","8710",-0.465717473189912
"927","8711",0.112725826551124
"928","8712",-0.0489021821645156
"929","8713",-0.572238115366088
"930","8716",1.4730097409764
"931","8717",-0.639007449286884
"932","8718",0.830280794909981
"933","8719",0.741027734987819
"934","8720",0.664302866844505
"935","8721",0.816239928492103
"936","8722",-0.908616861351068
"937","8723",1.085269288092
"938","8724",1.61933001885972
"939","8725",0.960850661623704
"940","8726",-0.967204257344162
"941","8727",0.347939807401709
"942","8728",0.0653978002389272
"943","8729",0.0352416713097539
"944","8730",-0.160020249978948
"945","8731",-0.224694839440261
"946","8732",-0.368543348902692
"947","8733",0.61919040843946
"948","8734",1.35023178071847
"949","8735",0.256767521672495
"950","8736",0.0849731800908672
"951","8737",-1.37029746321011
"952","8738",0.899434556770262
"953","8739",0.0401818740936978
"954","8740",1.8745328392332
"955","8741",-0.0351832248592437
"956","8742",1.13978080076675
"957","8743",0.941283903665057
"958","8744",1.54904462259555
"959","8745",0.857188065148991
"960","8748",0.477337959525454
"961","8749",0.814781017978738
"962","8751",1.1978992498301
"963","8753",-0.266015545207491
"964","8754",-2.00536823938952
"965","8755",0.217540273064134
"966","8756",-1.85593835611867
"967","8757",-0.0596014195742294
"968","8759",-0.320084328200752
"969","8760",1.2443709597555
"970","8761",0.0923672037618572
"971","8763",1.34271529639386
"972","8764",-0.129077198330879
"973","8765",-0.492098732667181
"974","8767",0.669458147536752
"975","8768",1.02907250327944
"976","8769",0.127121483105528
"977","8770",1.77118943495349
"978","8771",1.11381081881783
"979","8772",1.08121981608922
"980","8773",-0.269534451498456
"981","8774",-0.659058449380626
"982","8775",0.0955720650251116
"983","8776",0.590896641784104
"984","8777",-2.17659241351092
"985","8778",0.911310124120475
"986","8779",1.55250835464603
"987","8781",1.03679442748304
"988","8782",1.6391361749729
"989","8783",-1.51502061074272
"990","8784",0.89383324008204
"991","8785",0.0979499375096054
"992","8786",-0.736611459512019
"993","8787",-0.774204603254972
"994","8788",-0.356678767517896
"995","8789",0.170206060664499
"996","8790",-0.104727382876076
"997","8791",1.79516557827049
"998","8792",-0.59673193757238
"999","8793",-0.391885135922093
"1000","8794",0.0251722724074518
"1001","8795",-0.340569982428509
"1002","8796",1.87130516720777
"1003","8797",0.14782148555423
"1004","8798",-0.149545444811226
"1005","8800",1.07571012602743
"1006","8802",-0.396662476286925
"1007","8803",0.526858480743693
"1008","8804",0.203428024619041
"1009","8806",0.512294885478515
"1010","8807",-0.881306658062413
"1011","8808",0.441110316534745
"1012","8810",0.889801406539985
"1013","8811",0.778911570930354
"1014","8812",-0.660795474698643
"1015","8813",0.448317513411928
"1016","8814",-0.332368505527683
"1017","8815",0.106926958120143
"1018","8816",0.529242074198097
"1019","8817",-0.710882192511541
"1020","8819",-1.32454264554313
"1021","8820",0.883356385480678
"1022","8821",1.25441411046125
"1023","8823",0.777267238724444
"1024","8824",-0.85824220493278
"1025","8825",-0.0127243342813741
"1026","8826",-0.386043911378409
"1027","8827",-0.508042796388215
"1028","8828",0.20584162682491
"1029","8829",-0.0901030240682966
"1030","8830",-0.51908735467515
"1031","8831",0.280140807051672
"1032","8832",-0.406851752637848
"1033","8833",0.641232541899128
"1034","8834",1.79675752859064
"1035","8835",1.31495441164768
"1036","8836",-0.669587150395806
"1037","8837",0.356489192919801
"1038","8838",0.725611698136864
"1039","8839",1.49959978184194
"1040","8840",0.121924929405097
"1041","8841",1.56544804221361
"1042","8842",0.115770048522547
"1043","8843",0.262810134478602
"1044","8844",-1.25091405658768
"1045","8845",-2.45485564807937
"1046","8846",-0.422870655929936
"1047","8847",-1.83299824874383
"1048","8848",-0.0290197190878081
"1049","8849",-0.263682752754807
"1050","8850",-0.665869162966721
"1051","8851",0.110327718000043
"1052","8852",0.999782014445829
"1053","8853",-1.52216499376477
"1054","8855",-0.693836355595885
"1055","8856",-1.3647633743108
"1056","8857",1.36213610248999
"1057","8858",-0.58816416875646
"1058","8859",-0.863113379318587
"1059","8860",-0.937992947967474
"1060","8861",-1.5596423468705
"1061","8862",0.684987501359224
"1062","8863",-1.06855309730927
"1063","8864",1.10068242133308
"1064","8865",1.5277557615694
"1065","8866",1.77263558811157
"1066","8867",-0.56141398945631
"1067","8868",0.405435546085851
"1068","8869",-0.212668727707024
"1069","8870",-0.573280305616002
"1070","8871",0.31848992786927
"1071","8872",-0.220049185203023
"1072","8873",-0.976128144336646
"1073","8874",-0.302722514710833
"1074","8875",2.28071221520897
"1075","8876",-2.6381580839633
"1076","8877",-0.0292858379992133
"1077","8878",-0.408611757223387
"1078","8879",-0.524038887411747
"1079","8880",1.28814092744
"1080","8881",0.140650524518649
"1081","8882",-1.05414772388409
"1082","8883",-0.452610388544205
"1083","8884",0.94932250437399
"1084","8885",0.274762557567258
"1085","8887",0.0528237132095084
"1086","8888",1.02808237517955
"1087","8889",0.201731148373677
"1088","8890",-0.544099802515702
"1089","8891",-0.202478160742665
"1090","8892",-0.0567599863843187
"1091","8893",-3.13986656991831
"1092","8894",-0.163385439480527
"1093","8895",-1.41269799466599
"1094","8896",-0.0198848117947716
"1095","8897",1.29530499653967
"1096","8898",-0.886318167405875
"1097","8899",0.974682023336096
"1098","8900",0.0944718365622008
"1099","8902",0.945928479042187
"1100","8903",-2.7515566125908
"1101","8904",-0.285389817743846
"1102","8905",-0.911248689733529
"1103","8907",0.396684981501632
"1104","8908",-0.0877015846473658
"1105","8909",0.361716459323073
"1106","8910",-0.592569459928859
"1107","8911",-0.159249144298271
"1108","8912",-1.48732982159777
"1109","8913",0.60375464363838
"1110","8914",1.02233378295623
"1111","8915",0.0319948255586475
"1112","8916",1.11840349285707
"1113","8917",0.34113313204203
"1114","8918",0.380452554400757
"1115","8919",0.83854023732623
"1116","8921",1.7469498817405
"1117","8922",2.53773706186893
"1118","8923",1.33612802788427
"1119","8924",-0.140425236662335
"1120","8925",1.07192700441802
"1121","8926",0.943227217784803
"1122","8927",0.138990439471329
"1123","8928",0.511702680965731
"1124","8929",-0.873051407868476
"1125","8930",0.463441292513701
"1126","8931",0.559962643343223
"1127","8932",0.271925160255197
"1128","8933",-0.500269386254738
"1129","8934",-0.913362328645142
"1130","8935",0.361002272742235
"1131","8936",-0.104164817018334
"1132","8937",0.693806330919923
"1133","8940",0.963971645811798
"1134","8941",-0.239177279049541
"1135","8942",-0.726601884740451
"1136","8943",-1.00076529244318
"1137","8944",-1.00246335671414
"1138","8945",0.423884160691722
"1139","8946",0.304368527430073
"1140","8947",-0.377381757002806
"1141","8948",0.842353834942428
"1142","8949",-0.856364649808877
"1143","8950",0.176156142688412
"1144","8951",0.336309317838331
"1145","8953",-1.59968009229548
"1146","8956",-0.680759746920316
"1147","8958",0.0425867432558218
"1148","8959",-0.00296857439797955
"1149","8960",-0.318545765281012
"1150","8961",1.98759083944217
"1151","8962",-0.225335350763199
"1152","8964",0.631000999061738
"1153","8965",-0.28830656358272
"1154","8966",-1.02281428056657
"1155","8967",0.484727080037833
"1156","8968",0.652304796828815
"1157","8969",1.49105499358272
"1158","8970",1.59923025013487
"1159","8971",-0.335161937114301
"1160","8972",1.71902423016417
"1161","8973",1.77630384395837
"1162","8974",0.033397891571377
"1163","8975",0.535463329314705
"1164","8976",0.752568076084991
"1165","8977",0.0432104299545555
"1166","8979",1.02471736719738
"1167","8981",2.60160270883282
"1168","8982",-1.12471542163172
"1169","8983",2.15662423239245
"1170","8984",0.66738401387425
"1171","8985",0.363351250595669
"1172","8987",1.4563944027412
"1173","8988",1.58749139897539
"1174","8989",0.772928868333136
"1175","9006",-0.536511904654471
"1176","9007",0.05974420984513
"1177","9008",1.38857913569234
"1178","9009",1.12172023318108
"1179","9010",0.847303018337156
"1180","9011",1.15342499594506
"1181","9013",-0.11662484663893
"1182","9015",0.882038868008596
"1183","9016",-1.77050625973045
"1184","9017",-1.21601615681473
"1185","9018",1.47277422972415
"1186","9019",0.122959329169797
"1187","9020",-0.873725047797199
"1188","9023",0.762271529493404
"1189","9024",0.481165208180161
"1190","9025",-0.293710476792835
"1191","9027",-0.134695761542857
"1192","9028",-0.567647907668307
"1193","9029",0.812927591919257
"1194","9030",0.252247008531001
"1195","9031",0.110525979078354
"1196","9032",-2.0788625099612
"1197","9033",-0.762283958028897
"1198","9035",-0.41628660735651
"1199","9036",1.11974164807322
"1200","9037",1.51907593184765
"1201","9041",1.80132209896115
"1202","9042",2.90529571770639
"1203","9043",-1.78361065606777
"1204","9045",0.805308297208609
"1205","9046",0.173026646731271
"1206","9047",-1.19337272088736
"1207","9048",0.818750302455657
"1208","9049",0.248708091968354
"1209","9051",-0.0968180459755273
"1210","9052",0.276615360581197
"1211","9053",-0.385005421813649
"1212","9055",0.530090706159278
"1213","9056",0.321824635821392
"1214","9057",0.802266630277967
"1215","9058",-0.677101751790979
"1216","9059",1.26934923870212
"1217","9060",-0.467928378713178
"1218","9061",-0.951258593162308
"1219","9062",0.710821077676319
"1220","9063",1.92108538858217
"1221","9064",-1.21877881662574
"1222","9065",0.153861888653049
"1223","9066",-0.561935433849718
"1224","9067",-0.576901925640959
"1225","9069",1.87959583592941
"1226","9070",-0.968007789427726
"1227","9071",0.347025161662915
"1228","9072",0.644791060505263
"1229","9073",0.508479699717262
"1230","9074",-0.0157825009022983
"1231","9075",0.585311703300763
"1232","9076",1.12544287946241
"1233","9077",-1.2281788634466
"1234","9078",1.3365652800396
"1235","9090",0.810615970085526
"1236","9091",1.77946413132146
"1237","9092",0.120520800533822
"1238","9093",1.14988143182953
"1239","9094",-0.412239750891685
"1240","9095",0.393846564827172
"1241","9096",0.700856472374297
"1242","9099",-0.921103604438766
"1243","9100",-0.575777212443558
"1244","9101",-0.645398841907237
"1245","9102",-0.79802728617234
"1246","9104",-0.920702307982388
"1247","9105",0.985836822182328
"1248","9106",-0.881297824688886
"1249","9107",0.506529603918821
"1250","9120",-0.169521987560354
"1251","9121",0.196962702333385
"1252","9123",-1.58579493910588
"1253","9124",0.335048608350218
"1254","9126",0.464373526335615
"1255","9127",1.75013619684219
"1256","9128",0.383115771760529
"1257","9130",-0.410705859421142
"1258","9133",-0.22014894264853
"1259","9134",-0.525053967525909
"1260","9136",-0.298906245838834
"1261","9138",0.42339039887596
"1262","9141",-0.562198364767351
"1263","9143",-0.32106166272051
"1264","9146",-0.883096733985032
"1265","9148",0.120813988527469
"1266","9149",-0.00861712523500219
"1267","9150",1.04364115238073
"1268","9153",-1.8783167952895
"1269","9154",0.127833356252997
"1270","9157",-0.232146070158834
"1271","9159",-1.96106620858756
"1272","9160",1.42419368220148
"1273","9161",0.418056676438917
"1274","9163",0.725210184894478
"1275","9165",1.67024568767301
"1276","9169",1.38175443793268
"1277","9170",-0.232109099868186
"1278","9174",-0.759055091224587
"1279","9175",0.440558650037175
"1280","9180",-0.108601191294635
"1281","9182",0.69311884151845
"1282","9183",1.74928322324554
"1283","9184",-0.838148564135982
"1284","9185",2.31138897215097
"1285","9191",-0.130485933993325
"1286","9196",1.84113571055352
"1287","9199",1.16791468367568
"1288","9200",1.91624262082368
"1289","9208",0.116145058984139
"1290","9214",0.464885447755877
"1291","9216",1.52576210851768
"1292","9239",-0.418267154762325
"1293","9242",0.281143969419821
"1294","9246",-0.505609763725149
"1295","9248",-0.775493108332938
"1296","9249",1.2796252290104
"1297","9255",1.63654630477842
"1298","9260",1.94516093455571
"1299","9263",0.634915135570914
"1300","9269",-0.441911875327583
"1301","9271",0.033941672687855
"1302","9277",-0.813904949610619
"1303","9285",0.189753996148076
"1304","9288",0.124822049382786
"1305","9289",1.43284728302089
"1306","9295",-0.0476344900097296
"1307","9296",-2.10005521178563
"1308","9297",0.633146722405001
"1309","9301",0.516203133019625
"1310","9308",-0.422636089710302
"1311","9325",-2.14220925199612
"1312","9327",-0.730076743275514
"1313","9335",-0.335362664231972
"1314","9343",1.02825858313206
"1315","9344",0.186322512597094
"1316","9346",0.105204103571834
"1317","9352",-0.719490419716929
"1318","9354",-0.679797457389431
"1319","9355",-1.31644424037875
"1320","9356",1.44982003573707
"1321","9357",-0.148026330849566
"1322","9360",-0.797170950818789
"1323","9363",-0.48178348039799
"1324","9365",0.761752765401174
"1325","9366",-0.161479550819116
"1326","9367",-0.899812454462845
"1327","9375",0.774001030247705
"1328","9377",0.887021961697757
"1329","9382",-0.278490855187933
"1330","9383",0.358044529790267
"1331","9384",-0.884960504147804
"1332","9385",1.0656833576718
"1333","9386",-0.237707322461117
"1334","9391",0.587321512430974
"1335","9397",-0.730049016311059
"1336","9410",1.93557653597673
"1337","9411",-0.514157863882835
"1338","9413",-0.474903415566018
"1339","9414",-1.26367479555712
"1340","9415",-0.984622150424507
"1341","9418",-1.10657740728366
"1342","9419",-0.228053839156565
"1343","9423",2.03177909807785
"1344","9433",0.276676010159451
"1345","9439",1.13561403503597
"1346","9442",-0.668317944767367
"1347","9443",-1.30752924133429
"1348","9444",-0.850513224197157
"1349","9445",-0.567795716413333
"1350","9446",-0.372724166448359
"1351","9447",0.0513312660736175
"1352","9464",1.7047220093905
"1353","9467",-0.160066529522801
"1354","9469",0.204391877508489
"1355","9472",1.83114005881933
"1356","9482",-1.65455888690455
"1357","9483",0.317605279255079
"1358","9489",1.12777823072929
"1359","9490",0.758489721618932
"1360","9496",0.890083395857112
"1361","9499",-0.582188124497818
"1362","9501",0.461623813618793
"1363","9503",2.13700710628048
"1364","9508",0.59017662723211
"1365","9509",0.75057882362071
"1366","9510",-0.0838777209465048
"1367","9511",1.05549164332841
"1368","9512",-0.73125563410772
"1369","9516",-0.703165778994419
"1370","9517",0.382284956509475
"1371","9518",0.430932564516652
"1372","9519",0.545223952131876
"1373","9524",0.0648288665250772
"1374","9535",-0.216700814525411
"1375","9540",-0.450562313541679
"1376","9541",1.28939959718031
"1377","9546",-0.00793412819865259
"1378","9558",1.8461198531814
"1379","9559",1.94773937163801
"1380","9564",-1.22756257376895
"1381","9569",1.46010646333614
"1382","9572",0.294656929638132
"1383","9580",-0.212132147229816
"1384","9582",0.490425742018437
"1385","9583",0.863014326311026
"1386","9584",-0.925143458042061
"1387","9587",0.274864158431217
"1388","9589",1.10648006646383
"1389","9597",0.597194859281231
"1390","9604",-0.0522747481309426
"1391","9612",-0.734386525108609
"1392","9618",0.642326192113463
"1393","9623",1.49904046554621
"1394","9624",1.04085456506137
"1395","9625",-0.320002529067657
"1396","9627",-0.415484758730119
"1397","9628",1.39747609534502
"1398","9631",0.703928169065067
"1399","9632",-0.234071401609187
"1400","9641",-0.0372833198811511
"1401","9642",-0.961193344230034
"1402","9647",-0.754653578848207
"1403","9649",-0.364520188293489
"1404","9651",1.94228350310702
"1405","9652",0.911739155671523
"1406","9653",-1.10111040755927
"1407","9658",-0.0350668458125157
"1408","9660",-0.578491764464224
"1409","9661",-1.8983801956445
"1410","9664",1.03305108577476
"1411","9671",-0.283616792390833
"1412","9676",-1.09333842160765
"1413","9679",-0.416720809463751
"1414","9686",1.05063741150363
"1415","9688",-0.312428744327031
"1416","9689",0.265807884248753
"1417","9690",0.47643043615194
"1418","9691",-0.337238102221663
"1419","9692",0.744244252965941
"1420","9693",-0.101412784369154
"1421","9695",-0.524034855811232
"1422","9696",1.36999936198552
"1423","9697",-1.6569086866829
"1424","9699",0.724757861622657
"1425","9702",-0.939705408012621
"1426","9703",-1.69292645247033
"1427","9704",1.10022212993259
"1428","9710",0.727034831576025
"1429","9711",-0.360238298295718
"1430","9712",-0.82714214554297
"1431","9715",0.313795439987613
"1432","9716",-0.636648078663011
"1433","9718",0.768545968880823
"1434","9719",-2.47361037325297
"1435","9722",-2.87223806182542
"1436","9725",0.157461351889189
"1437","9726",0.774089905853414
"1438","9729",-0.58499350930088
"1439","9730",1.29120559285766
"1440","9733",-1.2099224304912
"1441","9738",-1.41805795716315
"1442","9739",-0.00654615387932698
"1443","9744",-0.363093507716382
"1444","9749",-0.994237551246748
"1445","9750",0.834015454423671
"1446","9752",0.926200975640673
"1447","9758",0.142993147035347
"1448","9761",-0.328046024532593
"1449","9762",-0.60712050398287
"1450","9763",-0.375638658361682
"1451","9766",1.50106833569152
"1452","9769",-0.476977935794479
"1453","9776",0.554549593218941
"1454","9777",-0.191216925366517
"1455","9783",-0.752559367736285
"1456","9785",-0.42978418690362
"1457","9786",-0.614618322202905
"1458","9794",1.28916460677379
"1459","9796",1.28837416106454
"1460","9804",-1.05152213732203
"1461","9806",0.154490477190867
"1462","9812",0.69273773983996
"1463","9813",0.497193030137687
"1464","9815",-1.54410130465596
"1465","9817",-0.26735406602115
"1466","9820",0.366087552443717
"1467","9823",-0.891051445765469
"1468","9825",0.0855943443928521
"1469","9826",0.588472053064704
"1470","9827",1.2619772985007
"1471","9839",0.672469360633882
"1472","9840",0.723414800199237
"1473","9843",0.0154343176737574
"1474","9844",-0.820647824582521
"1475","9847",0.8593578494473
"1476","9851",-0.505774434123282
"1477","9854",1.96617804621989
"1478","9855",-0.685849002304875
"1479","9856",-2.50836125667211
"1480","9857",-1.45908849256843
"1481","9859",-1.32759188454521
"1482","9862",-1.14925278748311
"1483","9864",-0.0281963795920166
"1484","9865",0.775484788759434
"1485","9867",0.934959706785972
"1486","9869",-0.486734789740653
"1487","9871",0.903779507749165
"1488","9876",0.428589647428168
"1489","9877",0.790767523448555
"1490","9878",0.0769465296689044
"1491","9879",-0.468023204866786
"1492","9882",0.807346027545338
"1493","9884",0.300008454599517
"1494","9893",1.18081847649931
"1495","9901",-1.04718939619095
"1496","9903",0.12443911479294
"1497","9904",0.00520738831695283
"1498","9905",-1.00453850829391
"1499","9908",1.43085300830621
"1500","9912",1.30391746713752
"1501","9916",-0.898207710524251
"1502","9917",0.802371957184495
"1503","9919",-0.918199534322165
"1504","9922",0.601848409909914
"1505","9923",0.791145621542588
"1506","9924",-0.683890306167437
"1507","9926",1.31689914326385
"1508","9927",-0.622854430415018
"1509","9928",-0.531389746943916
"1510","9929",-0.928946739611439
"1511","9930",-1.1696106985334
"1512","9932",-0.407098303179859
"1513","9939",0.526203482453838
"1514","9942",-0.159970548808888
"1515","9943",0.678928323498669
"1516","9944",-0.406705069589034
"1517","9947",0.534894138802164
"1518","9948",-0.995031455901173
"1519","9949",1.67140950452409
"1520","9950",0.250999626986004
"1521","9952",-3.12348527409198
"1522","9954",1.49406947974699
"1523","9960",0.403023801950797
"1524","9961",0.121780503852988
"1525","9968",0.826890071502782
"1526","9969",1.05951138127204
"1527","9970",1.71551551996535
"1528","9971",1.51537081670577
"1529","9973",-1.37136154167211
"1530","9974",0.427441387896528
"1531","9975",0.118101851121031
"1532","9977",2.02786237664491
"1533","9978",0.920431318734772
"1534","9979",0.281789437670718
"1535","9984",0.779344880030827
"1536","9987",-1.01219369368214
"1537","9993",-1.54684135018695
"1538","9995",0.0653706662731833
"1539","9997",1.3767278297026
"1540","9998",1.93595158105304
"1541","9999",-0.992101365412791
"1542","99999",-0.101485756867857
"1543","4602",-0.253163409947061
"1544","4742",0.323482859895438
"1545","4835",1.36987490832177
"1546","4844",1.02940423971651
"1547","7107",0.751099432745876
"1548","7362",1.70568208042105
"1549","7420",0.58697358343351
"1550","7583",-0.679489873505113
"1551","7616",-0.998576444029817
"1552","7697",0.587580339654421
"1553","8232",0.0241132675654017
"1554","4485",0.130712895062478
"1555","4560",0.367826090058283
"1556","4760",0.275695231011006
"1557","4879",1.24461307461998
"1558","4916",-1.10107043959895
"1559","7159",-2.38928180221203
"1560","7258",0.274661580301934
"1561","7311",-0.566409775570934
"1562","7478",0.632058212921967
"1563","7606",1.38915317166941
"1564","8263",0.0155381692575372
"1565","9996",0.483780609730612
"1566","4559",0.369583509888748
"1567","4623",-0.135282836440371
"1568","4630",-0.626236806682132
"1569","4789",-0.0708096801999196
"1570","4813",-0.800666293055698
"1571","4930",0.151477481626884
"1572","4975",0.198779387607381
"1573","7354",-0.84852802426391
"1574","7542",0.390099813014008
"1575","7696",-0.01510326818991
"1576","8269",0.91545012362789
"1577","4681",-0.0194185149397335
"1578","4715",0.192542880651901
"1579","4733",0.321582924267118
"1580","4907",-0.177243160262536
"1581","4911",-0.430456969345074
"1582","7198",2.13824455255332
"1583","7470",1.15732048380717
"1584","7530",1.10279831317222
"1585","7585",0.0275177034596878
"1586","7649",-0.240879203717864
"1587","7755",-1.29542602544585
"1588","9568",-0.973537856015522
"1589","4588",0.432606225432621
"1590","4804",0.511037260493956
"1591","4950",1.13731804246866
"1592","7121",-0.158197691487781
"1593","7235",-1.17326543105054
"1594","7344",-0.168001403396215
"1595","7406",0.555548296486051
"1596","7468",-0.255333984194092
"1597","7598",0.44586379151764
"1598","7607",-1.20749225993928
"1599","8325",-0.713983408016947
"1600","4556",-1.1165870142147
"1601","4761",0.295719399141493
"1602","4811",-0.408366465011016
"1603","4856",-0.277678961581563
"1604","7164",-0.549454104864254
"1605","7316",0.501394912063971
"1606","7386",0.75243358696522
"1607","7408",-0.0253733400132153
"1608","7453",-0.453790338466773
"1609","7603",0.633553813798157
"1610","7645",1.23906927051984
"1611","8298",1.41834405271263
"1612","4479",-1.26485472966545
"1613","4581",-2.21528796898326
"1614","4617",-0.0702509226122712
"1615","4728",1.3375612147706
"1616","4729",-0.043093886569374
"1617","7226",-0.520527825747499
"1618","7375",-1.0995041528012
"1619","7423",0.837155293457602
"1620","7467",-0.988236225479542
"1621","7605",-0.413665847027351
"1622","8267",0.196774833487623
"1623","4469",-1.31671882308541
"1624","4612",-0.434097232915486
"1625","4665",-0.60285434956463
"1626","4732",-0.758841212997725
"1627","4841",0.239676105103705
"1628","4967",-0.455042614538942
"1629","7172",0.983525444770134
"1630","7350",0.704037655352128
"1631","7464",0.165815220415508
"1632","7566",-0.539860716992182
"1633","7574",0.778512598266577
"1634","8262",-0.849634774629364
"1635","4660",0.564032345733504
"1636","4773",0.553278896531202
"1637","4991",1.39400178284492
"1638","7149",-0.513485859773422
"1639","7244",-1.71387200109509
"1640","7347",1.2680064080773
"1641","7401",1.08461285722662
"1642","7416",0.706787111409223
"1643","7550",-1.40694055577508
"1644","7580",1.01223168063066
"1645","8219",0.551192313814377
"1646","4689",-0.525397565857
"1647","4718",-1.42084996942645
"1648","4725",-0.16622015320202
"1649","4726",-0.116013902630288
"1650","4762",0.242461138573258
"1651","7380",0.386752436267885
"1652","7384",-0.258729448194361
"1653","7385",1.5792563934137
"1654","7524",2.71177315234837
"1655","7531",-0.472092589555244
"1656","9902",-0.446970513487253
"1657","4722",2.74470784907814
"1658","4786",0.346900751854392
"1659","4887",-0.314160454274993
"1660","4949",-0.655306166763462
"1661","4956",0.219171523378089
"1662","7144",-1.59899850002157
"1663","7146",-0.235443194755437
"1664","7245",0.15032320577025
"1665","7554",-0.632480067682276
"1666","8287",-0.981693546846636
"1667","9497",1.00112006976861
"1668","4538",0.347399414575719
"1669","4568",-0.828508677645192
"1670","4706",-0.457010526403102
"1671","4719",2.0632378720595
"1672","4845",-0.656216796261759
"1673","7196",0.390750020813723
"1674","7289",0.838991751471528
"1675","7389",-0.432738330396652
"1676","7480",-0.300502484439966
"1677","7498",0.323105993407481
"1678","8280",1.07892449380063
"1679","4486",0.346170665832286
"1680","4575",-0.679565862263913
"1681","4616",-0.123518754561645
"1682","4735",0.0683574361533319
"1683","4849",-0.0682659759134351
"1684","4926",-0.421852989936866
"1685","7269",0.0672599581114858
"1686","7297",0.416866281713537
"1687","7451",-0.830956334725371
"1688","7572",-1.85484304045501
"1689","8368",-0.369671103509816
"1690","4521",-0.386669695762845
"1691","4651",-1.17771986455906
"1692","4705",-0.1767039898534
"1693","4741",0.729562346425479
"1694","4882",1.60802296695892
"1695","4939",-0.0590820456274765
"1696","7130",1.95328714846987
"1697","7190",1.85071356564267
"1698","7263",-0.87484101636778
"1699","7471",-0.824862696762117
"1700","7595",0.176392923478122
"1701","8225",-0.645466544680666
"1702","4658",0.223405389209676
"1703","4808",-0.856565033406414
"1704","7133",-1.2108399049634
"1705","7145",0.0263636062518668
"1706","7183",0.664237286332808
"1707","7216",-0.612911641990093
"1708","7351",0.0444260455482851
"1709","7433",2.12296281264972
"1710","7482",-0.620419415484652
"1711","7563",0.551962209394412
"1712","8235",-0.210697115785321
"1713","4535",-0.279306859042296
"1714","4662",0.124269899644976
"1715","4663",0.504400160365976
"1716","7137",0.644710045382587
"1717","7213",0.625663349910496
"1718","7272",-0.767367302269741
"1719","7305",0.0408527526125216
"1720","7418",0.694134469791369
"1721","7488",-0.544410560597525
"1722","7518",0.174551852396882
"1723","8261",0.418673617040364
"1724","4676",0.0488731159162929
"1725","4698",-0.530192335620776
"1726","4767",-0.872466088936522
"1727","7199",0.286792848755066
"1728","7277",-0.176190506196132
"1729","7301",0.153574328351051
"1730","7379",-0.0814259236522616
"1731","7425",-0.028892054254636
"1732","7442",0.746637204477356
"1733","7534",-1.469298023802
"1734","8176",0.358277286673415
"1735","4555",0.0260989337964091
"1736","4573",-2.28774366767932
"1737","4685",0.990215309166075
"1738","4703",0.777963569020418
"1739","4754",-1.2767556604311
"1740","4992",0.884924047984933
"1741","7246",0.26864947856007
"1742","7399",-0.79873594732641
"1743","7411",-0.261739779020508
"1744","7553",-0.0181647622202791
"1745","8175",0.304249979223707
"1746","4632",0.0101878034168189
"1747","4862",-0.189273827120693
"1748","4884",-0.076301629388447
"1749","7122",-1.0699701902791
"1750","7150",0.85539889803796
"1751","7315",-0.294478990852139
"1752","7398",0.742971458050825
"1753","7443",0.20937411560395
"1754","7559",-1.48063972360879
"1755","8168",-0.638998857272701
"1756","4513",-0.178582497280859
"1757","4565",-1.37051713725152
"1758","4657",0.0271154377576555
"1759","4680",-0.367797038968174
"1760","4866",0.332917316506636
"1761","4955",1.67870978122864
"1762","4987",-1.89233704713466
"1763","7355",-0.878268425558633
"1764","7537",0.721634927644404
"1765","8171",1.57081196693423
"1766","4496",-0.748738562443803
"1767","4548",-0.998023754154778
"1768","4666",1.53109239415663
"1769","4778",0.892077302970906
"1770","4861",0.937107651601825
"1771","4938",-0.212927816150836
"1772","7273",-1.12448927559628
"1773","7337",0.35832365309332
"1774","7435",0.133991424276789
"1775","7593",-0.103041195367197
"1776","8195",0.298655084720831
"1777","4537",0.589891459470842
"1778","4671",0.233829334916654
"1779","4756",-2.09829794926189
"1780","4881",-0.844601058577455
"1781","4888",-0.805509325104043
"1782","4952",0.520909223472212
"1783","7264",1.33539340739958
"1784","7330",0.459622418403677
"1785","7540",-1.64107415348367
"1786","7575",1.83590472616649
"1787","7639",0.829130129575751
"1788","8258",0.370302229792605
"1789","9936",-1.98819185836416
"1790","4594",-0.916225541631969
"1791","4626",0.880299434171798
"1792","4806",0.964959628219807
"1793","4998",-0.554855577242395
"1794","7163",2.0078592646495
"1795","7178",-0.104374862859961
"1796","7215",-0.538998947655487
"1797","7268",0.816723192264924
"1798","7496",-0.288595301697207
"1799","7538",-0.603372940751695
"1800","8216",-1.37999337306995
"1801","4669",1.18872238502443
"1802","4683",0.613186539173021
"1803","4693",0.825540755828732
"1804","4699",-0.449187447656544
"1805","4710",-0.328472347873196
"1806","4787",-1.15515930093254
"1807","4913",0.357252340936102
"1808","4925",0.238642620396518
"1809","7434",1.39320227390752
"1810","7533",-0.398536564499787
"1811","8193",0.319347453369574
"1812","4491",-2.25262571760498
"1813","4639",-0.314723909457304
"1814","4682",0.460455022606658
"1815","4686",0.563911699498711
"1816","4721",0.667008286752869
"1817","4836",0.638690450052341
"1818","7367",-0.564268761502752
"1819","7371",-0.128903750464007
"1820","7459",-1.11939113207422
"1821","7592",1.00201931773339
"1822","8187",1.43760853070117
"1823","4605",0.677388823233382
"1824","4954",0.367808354070385
"1825","4994",0.042544379246324
"1826","7113",-1.03032471072871
"1827","7192",-0.0231756033798801
"1828","7193",0.71217918495374
"1829","7228",1.47755253938496
"1830","7254",-0.0801252096612751
"1831","7365",1.11177976958123
"1832","7552",0.547599898537197
"1833","8158",1.24613748123263
"1834","4497",-1.27405854602059
"1835","4661",-0.192460109825447
"1836","4803",-0.350758378889813
"1837","4867",-0.588115515911523
"1838","4922",-0.946626182800279
"1839","7157",-0.484209126483533
"1840","7201",-0.464889335485694
"1841","7324",0.324515167859939
"1842","7463",1.62248349206709
"1843","7529",0.637662246049122
"1844","8174",0.5680517794923
"1845","4495",-0.605353514677544
"1846","4611",-0.112725916042286
"1847","4650",-0.693590191803068
"1848","4932",0.624923295562346
"1849","4941",-0.649694599693956
"1850","7176",2.48906238640724
"1851","7279",-0.237366669893235
"1852","7436",0.374898187313947
"1853","7546",-0.798354685164733
"1854","8157",0.121449169875536
"1855","4608",0.39143521508488
"1856","4615",0.958671504754262
"1857","4647",-0.212958804044503
"1858","4776",0.0503337664842424
"1859","7151",0.783388802872413
"1860","7253",0.196727144744745
"1861","7363",-0.65814250639774
"1862","7407",1.94511471228006
"1863","7516",-0.806720016029963
"1864","8198",-0.326636918407427
"1865","4673",-0.404453430844244
"1866","4731",0.314976426075772
"1867","4743",-0.717198183499544
"1868","4750",1.23070630123074
"1869","4971",-1.26590750517261
"1870","7260",-0.104681937964073
"1871","7275",-0.0713608893915331
"1872","7378",-0.414661037967354
"1873","7388",-0.0803909755962754
"1874","7591",-1.86756875041193
"1875","8180",-0.170347969057597
"1876","4474",-0.00083443741543178
"1877","4597",1.15423777053171
"1878","4670",-1.22849794579476
"1879","4817",2.17987522316597
"1880","4851",-1.04972533411315
"1881","7368",-0.556827901219858
"1882","7393",-1.53424785447808
"1883","7427",1.38275031814229
"1884","7477",-1.25962131031723
"1885","7506",0.57886500832935
"1886","8178",-0.724938421356132
"1887","4533",0.119148845950824
"1888","4674",-0.946622148713887
"1889","4746",-1.89743104287915
"1890","7147",0.407138340117706
"1891","7242",-0.0595539774516893
"1892","7358",-1.46758080098831
"1893","7421",-1.03673475738979
"1894","7456",-0.849457748798695
"1895","7594",-0.929294853606422
"1896","8257",1.07764631724005
"1897","4752",0.683732934343156
"1898","4859",-0.173079664113073
"1899","7166",-0.764957760738018
"1900","7255",-0.0949206226527501
"1901","7284",-1.0492556588176
"1902","7327",0.540435296108182
"1903","7346",0.408497067942267
"1904","7414",1.013784164907
"1905","7527",0.0982959349970274
"1906","7650",-0.109972150777505
"1907","7700",-0.61380830274452
"1908","8283",2.20419835706658
"1909","4637",-1.16580102611941
"1910","4641",-0.370138432611113
"1911","4906",0.510786818533885
"1912","7117",0.389520818998752
"1913","7141",-0.396951599263683
"1914","7210",-0.790528988586914
"1915","7221",-1.77862725064672
"1916","7278",-0.0831793611430485
"1917","7457",0.475723911794232
"1918","7509",1.3066199584473
"1919","8239",0.520509792380958
"1920","4489",0.679782183420919
"1921","4607",0.37839035118102
"1922","4649",-1.2923533115497
"1923","4748",0.488925600288306
"1924","7182",1.08875093382241
"1925","7317",-1.77193129320326
"1926","7369",-0.597551283168234
"1927","7415",0.743489548335472
"1928","7428",-1.02960945776761
"1929","7539",0.113235242996948
"1930","8236",0.171395142283968
"1931","4554",0.897754937964122
"1932","4599",-0.916608714920017
"1933","4634",-2.00425635605864
"1934","4758",-0.324421126712335
"1935","4986",-0.376348890661776
"1936","7143",-0.123333401417513
"1937","7262",1.6888805560977
"1938","7394",0.0850490821897602
"1939","7475",0.790314030252792
"1940","8250",1.59473762137757
"1941","8990",1.44781592927608
"1942","4672",-0.301564183242267
"1943","4717",0.719019200270676
"1944","4740",0.22358667278996
"1945","4865",-0.820767472979572
"1946","4935",-2.04586162659027
"1947","4961",-0.359118698259242
"1948","7455",-1.05453362190544
"1949","7495",-0.667208055036508
"1950","7512",-0.224264233374657
"1951","7557",1.309830456277
"1952","8246",-0.0211911767206367
"1953","4466",1.18617850859601
"1954","4584",0.0745471965078458
"1955","4696",-0.532059068943999
"1956","4902",0.94246521278009
"1957","4973",-0.60040956288925
"1958","7179",1.1916407821082
"1959","7200",0.429073080225826
"1960","7265",0.964745881897912
"1961","7545",0.243459678211394
"1962","7586",1.20301478313983
"1963","8255",-0.144378926722015
"1964","4515",1.14422398883747
"1965","4592",-0.227080775528693
"1966","4769",0.309401265152003
"1967","4818",0.371130309354881
"1968","4912",-0.659512178907781
"1969","4984",0.422159752608085
"1970","7167",0.338534794265903
"1971","7345",-1.03819192825756
"1972","7515",-0.696057007843852
"1973","7535",-1.18093655892897
"1974","8266",1.86581704159007
"1975","4591",-2.02971655448155
"1976","4775",-1.66904550211215
"1977","4945",-1.05622994980037
"1978","4988",0.030046706481723
"1979","7106",1.09371562147981
"1980","7165",0.668972160555772
"1981","7186",0.987292859971254
"1982","7372",0.194804328802016
"1983","7400",-1.59075945414441
"1984","7528",-0.346873670993446
"1985","8252",-1.38507224856397
"1986","4610",-1.19803751920109
"1987","4633",-1.61131315108439
"1988","4656",-0.420652744453026
"1989","4824",-0.374228565594799
"1990","7105",-1.02697369660159
"1991","7233",1.45415902502369
"1992","7308",-0.874292040029635
"1993","7497",0.560711832126268
"1994","7511",-0.329390880271892
"1995","7519",-0.774605900633668
"1996","8215",0.303641556643917
"1997","4480",-1.47046530788551
"1998","4579",-1.36052773105904
"1999","4603",0.310720858891559
"2000","4759",1.54204066243361
"2001","4943",1.00609030865846
"2002","7160",0.279200652494285
"2003","7240",0.125553184610653
"2004","7348",0.365498539997378
"2005","7523",-1.56154479294628
"2006","8196",-1.46235275879266
"2007","4541",0.704729909075144
"2008","4614",0.487827329822739
"2009","4727",0.749040541809272
"2010","4983",0.239703922312253
"2011","7187",1.59191695745495
"2012","7220",2.20082874905638
"2013","7299",1.03262431794737
"2014","7396",0.792823237241429
"2015","7404",0.064585819019765
"2016","7568",0.254198702315533
"2017","8980",0.935804570112776
"2018","4487",-0.478697751343227
"2019","4552",-1.70185941056729
"2020","4644",3.06239460413855
"2021","4873",-0.106805037898433
"2022","4948",1.12423076009426
"2023","7158",-1.06923442825497
"2024","7236",-0.282121516965386
"2025","7483",0.642046429530901
"2026","7536",-1.00799240513124
"2027","7642",-0.643670909026587
"2028","7654",1.82043032582917
"2029","8233",-0.0597689093955271
"2030","4493",-0.134540419510746
"2031","4601",1.25940763398892
"2032","4604",-0.689014432362351
"2033","4643",0.940505728261321
"2034","4819",-1.6544736025431
"2035","4947",0.667419751299819
"2036","4976",-2.37187657481968
"2037","7204",-0.283236477600131
"2038","7302",0.0784804748501647
"2039","7507",0.134678717525299
"2040","8214",-0.776407593281435
"2041","4504",-1.06204911812279
"2042","4543",1.52899814813151
"2043","4628",-0.407276125008813
"2044","4707",0.0945658064321729
"2045","4858",1.11932248987176
"2046","4940",-1.75595409378025
"2047","4959",0.146126915055463
"2048","7169",1.84987482125233
"2049","7342",-1.73115599314459
"2050","7505",-0.145594197917873
"2051","4523",1.31153814516647
"2052","4619",-0.0801653258190366
"2053","4713",-0.123055980691973
"2054","4772",0.0955009501021844
"2055","7129",0.323483540813085
"2056","7266",0.647690281455948
"2057","7288",-1.01089634546255
"2058","7441",0.0643143234620152
"2059","7486",0.517235674666476
"2060","7501",1.24166667338741
"2061","7694",0.0128946432900544
"2062","4490",1.50988924639005
"2063","4700",1.03842767429408
"2064","4904",-1.27384613566345
"2065","7104",-1.98157148721822
"2066","7185",-1.99148882189488
"2067","7224",0.538013765560963
"2068","7247",0.30072172605974
"2069","7321",-1.92944692986838
"2070","7450",0.570106021561382
"2071","7571",-0.779929015642479
"2072","9298",-0.470869057625943
"2073","4498",1.49119245283054
"2074","4631",0.158519305207008
"2075","4688",1.2575417824574
"2076","4805",1.46816728279015
"2077","4893",0.805920366485702
"2078","7123",-0.595833087672583
"2079","7211",0.130217365162087
"2080","7241",0.427366452573792
"2081","7422",0.114708070393219
"2082","7584",0.498380691930846
"2083","9557",0.538221830499971
"2084","4561",-1.47155363036628
"2085","4655",0.422396878229222
"2086","4766",-0.539864492431249
"2087","4872",1.55689030771429
"2088","4899",-0.221490404641874
"2089","7138",0.184549235493504
"2090","7181",-0.196009850780532
"2091","7349",-1.41236739574575
"2092","7479",-0.844888845874767
"2093","7567",0.0166388743738832
"2094","9421",0.489351148402958
"2095","4524",-1.02643250281389
"2096","4567",1.4721109530615
"2097","4590",1.1509972215746
"2098","4627",0.643768370685266
"2099","4747",-0.768397001915362
"2100","4837",-1.31051687169146
"2101","4977",0.88599598294657
"2102","7270",-0.744078327595802
"2103","7376",-0.167361289694721
"2104","7651",1.3082543102059
"2105","8210",1.30828791803119
"2106","4482",-0.68107111282877
"2107","4532",-0.118121868315019
"2108","4549",1.70390941344896
"2109","4620",1.31594822401274
"2110","4709",0.104295197308178
"2111","4801",-0.609956206287577
"2112","4864",-0.686523661380036
"2113","4908",-0.170810416084887
"2114","7520",0.764517272390054
"2115","7646",-0.0102525925239884
"2116","8747",0.752586291902637
"2117","4505",-0.0999293874589916
"2118","4539",1.55802024337806
"2119","4708",0.282360768139379
"2120","4790",-0.128375897290312
"2121","4850",0.770853372867094
"2122","4891",0.879919063192898
"2123","7184",-0.946895642486489
"2124","7276",-1.47260732379316
"2125","7525",-1.0217069338073
"2126","7653",0.028704251750198
"2127","8993",1.09090853879029
"2128","4465",0.0933230789048917
"2129","4652",1.08675064366767
"2130","4892",-0.205332312037987
"2131","7194",0.947846845133465
"2132","7249",-0.830590774975715
"2133","7280",-0.515725068271082
"2134","7285",0.694525278118248
"2135","7491",0.687365890396342
"2136","9050",-0.472412901219254
"2137","9819",-0.673325105406656
"2138","4593",0.551305069172221
"2139","4638",0.155170447649127
"2140","4653",0.376193686160501
"2141","4783",1.33249569085754
"2142","4823",-0.621658830459902
"2143","4997",-2.32634318292504
"2144","7360",-1.09396195039031
"2145","7465",0.106973438346586
"2146","7503",-0.573234658139781
"2147","7636",2.0387876297195
"2148","8274",-1.03426249513322
"2149","4475",0.0569273022915095
"2150","4509",-1.1777338953541
"2151","4624",-0.959604283779937
"2152","4774",-0.0630755169160118
"2153","4827",0.205519660058989
"2154","4909",-1.39756486536028
"2155","4927",-0.517926618415256
"2156","7222",-1.0838667316968
"2157","7341",0.788071120953174
"2158","7504",-0.770153912768315
"2159","9097",0.134590955002521
"2160","4613",-1.09147152687322
"2161","4730",-0.072781018925608
"2162","4812",0.720127557735408
"2163","4982",-0.222514686749198
"2164","7135",-1.37584289557199
"2165","7294",0.688732732879678
"2166","7335",-1.79864240960006
"2167","7382",0.104130823908606
"2168","7487",-0.180814794482707
"2169","7565",0.0761855262003581
"2170","9809",0.604717628161422
"2171","4522",0.894920573883277
"2172","4572",-0.517238825994586
"2173","4585",0.356072089400785
"2174","4664",-1.67614187225851
"2175","4809",-1.56428322657357
"2176","4869",-0.312401954066893
"2177","7322",0.496545506012454
"2178","7387",-0.542279714109035
"2179","7582",-0.201260296067497
"2180","7602",0.788037885431432
"2181","8169",-1.76639021126628
"2182","4571",0.879897484907219
"2183","4853",-1.05274203865188
"2184","4876",-0.174235961279612
"2185","4910",1.15780459443272
"2186","4919",-0.0368308211558073
"2187","7267",-0.188154688057399
"2188","7334",-0.520343804767035
"2189","7410",0.375029669871396
"2190","7445",0.103602797726256
"2191","7599",0.359157529365567
"2192","8955",-0.475301974369669
"2193","4483",-0.655853563620253
"2194","4667",-0.149217290104197
"2195","4716",1.03403570779721
"2196","4795",1.12618528422059
"2197","4978",1.25439252470974
"2198","7124",-0.940933579339599
"2199","7290",-2.78438527204617
"2200","7366",0.017437283866154
"2201","7370",-0.357135895620541
"2202","7600",0.422472718790563
"2203","7657",0.740042856942871
"2204","4635",0.957605407197283
"2205","4797",-0.512628921218773
"2206","4999",-0.355734985061551
"2207","7119",-0.109082070003036
"2208","7125",-1.0348853846789
"2209","7189",-1.51536855107776
"2210","7286",-0.980724159719076
"2211","7364",0.621700665306823
"2212","7391",-1.78950815898112
"2213","7608",2.20775652841131
"2214","9068",0.208417030271907
"2215","4598",-1.38361438932663
"2216","4840",0.347007956078709
"2217","4895",0.626373346020716
"2218","4917",0.941287058986098
"2219","4923",-2.89681597878851
"2220","7101",0.0968020477093375
"2221","7232",1.242415556306
"2222","7306",0.581862168018777
"2223","8715",1.46272140429398
"2224","4646",0.760490103908429
"2225","4820",-0.487530904792308
"2226","7139",-0.0129762649597799
"2227","7162",1.13939304707782
"2228","7170",-0.720248702713382
"2229","7271",-1.77102509427932
"2230","7454",0.457726530025059
"2231","7494",0.989477098098571
"2232","7508",0.0716288355297213
"2233","8265",-0.807141808981755
"2234","4478",0.396971752031623
"2235","4566",-0.477179419473292
"2236","4606",-1.31696761887682
"2237","4629",-0.000183005824004331
"2238","4702",0.835304336192317
"2239","4972",-0.462360523561265
"2240","7256",0.812543765954107
"2241","7377",0.810014004153854
"2242","7466",-0.0219196789801039
"2243","7570",-1.08450792817507
"2244","8237",-0.273501952886267
"2245","4550",-0.60795354974846
"2246","4714",0.00620380184743614
"2247","4810",0.119046814894369
"2248","4829",-1.11032758015451
"2249","4970",-0.0609516449047943
"2250","4980",-1.5173240268824
"2251","7131",0.940997721642711
"2252","7152",-1.1826645114145
"2253","7432",-0.896891888463335
"2254","7597",-1.52676298828503
"2255","7859",-0.862590219252913
"2256","4711",0.00234166567042214
"2257","4712",0.240601859897442
"2258","4720",1.34203874400159
"2259","7214",0.225577113698058
"2260","7314",0.671669212722548
"2261","7405",-0.946455355740869
"2262","7472",1.3317107106456
"2263","7489",0.89588665383606
"2264","7514",-0.580091703420524
"2265","7562",1.0724867007952
"2266","7722",-0.765898491841434
"2267","9054",-0.378362795198449
"2268","4763",0.00153501300767075
"2269","4842",0.119906255948704
"2270","4894",0.309003444183731
"2271","4915",0.483409352026071
"2272","7120",0.618532487917585
"2273","7195",0.901410344980875
"2274","7326",0.774169362815794
"2275","7458",-0.0649687806571226
"2276","7569",-0.865256509843963
"2277","9021",-0.0331550209618124
"2278","4492",0.42066788038819
"2279","4642",-1.20291176686235
"2280","4751",-0.225038826273624
"2281","4815",0.276959951778591
"2282","4854",0.383834010702178
"2283","4905",-0.306047554028108
"2284","4979",0.737635987249829
"2285","7109",1.13537717854272
"2286","7227",-0.330924624539599
"2287","7604",0.321516007333603
"2288","9883",-0.0162899172304384
"2289","4928",0.494182933492968
"2290","7099",-0.8756497821424
"2291","7103",-1.36120672583855
"2292","7154",1.05635095280703
"2293","7188",-0.212205120232312
"2294","7219",-0.0909300771210346
"2295","7239",0.243655592249202
"2296","7340",1.91121537326289
"2297","7392",-2.40869101139865
"2298","7500",-0.97516080883285
"2299","8780",0.621901170956721
"2300","4544",0.767647425190544
"2301","4578",0.944679928247769
"2302","4586",1.99959753748835
"2303","4901",-0.790901218692378
"2304","4924",0.0629857388798004
"2305","7175",-0.539435196503363
"2306","7343",-0.491116319666636
"2307","7417",2.17235295800925
"2308","7474",0.271517373586887
"2309","7573",-0.784128068749694
"2310","8766",0.480574776248489
"2311","4472",-1.50245689028172
"2312","4587",0.850250001868268
"2313","4678",-0.325132317393276
"2314","4834",0.26342836899133
"2315","7136",0.662072797575171
"2316","7217",-0.664937899123936
"2317","7352",-0.27656748507358
"2318","7413",-0.141323395229673
"2319","7448",-0.641552612794544
"2320","7556",0.460444147763935
"2321","9026",0.451832296376665
"2322","4558",0.154706420236992
"2323","4659",1.33108703492468
"2324","7115",-0.985345189635239
"2325","7252",-1.49282259609111
"2326","7313",1.08109098090368
"2327","7426",0.453514004585445
"2328","7449",1.73040422669632
"2329","7490",0.547853437526423
"2330","7560",-2.01966065160254
"2331","8954",-1.30735930501196
"2332","4507",-0.634349075326583
"2333","4525",-1.68726758039406
"2334","4622",1.21332046319921
"2335","4822",-0.605468631819613
"2336","4981",-1.53295563236354
"2337","7218",1.51048337041961
"2338","7261",-1.83564710145266
"2339","7374",0.827641693668955
"2340","7558",-1.84147516168322
"2341","9270",-1.87075688591557
"2342","9959",-0.23305440955458
"2343","4488",0.0224819576343012
"2344","4542",-0.86473884583984
"2345","4749",2.0779403571508
"2346","4843",0.0360878483586271
"2347","7174",0.236512584872686
"2348","7312",0.956799666314191
"2349","7325",-0.226018843720594
"2350","7338",-0.535416408936247
"2351","7429",-1.29730324550639
"2352","7564",0.958690600670997
"2353","9680",-0.676134222816729
"2354","4516",-0.227066115633832
"2355","4519",1.50064599856292
"2356","4701",-0.602491059038919
"2357","4745",0.0755292091110091
"2358","5000",0.0996938630898411
"2359","7231",-0.555523837393787
"2360","7259",0.47528541488504
"2361","7291",0.482056239618672
"2362","7412",1.0365299349627
"2363","7502",0.683130597264466
"2364","8081",1.66353966060817
"2365","4547",0.288653021929287
"2366","4574",0.319483767022096
"2367","4595",0.0199838109879598
"2368","4764",-0.567429108193057
"2369","4796",-0.860375128121652
"2370","4963",-1.33656931380592
"2371","7331",-0.232755782363119
"2372","7353",0.429452460016392
"2373","7473",0.0893749106833578
"2374","7596",0.45786259365645
"2375","8805",0.745165820893404
"2376","4777",-0.145049115385874
"2377","4785",1.03733173333793
"2378","4825",-0.977363806491044
"2379","7111",2.17926496681691
"2380","7153",-2.02690176464552
"2381","7287",0.121054190375563
"2382","7485",1.33931918822874
"2383","7526",0.268394693176828
"2384","7581",0.509485988607463
"2385","8309",1.13853600179155
"2386","4511",-0.194587254644085
"2387","4589",-0.0569653368739169
"2388","4600",-1.07532678873756
"2389","4677",3.60449644691594
"2390","4920",1.08394752310538
"2391","7206",-0.865683230746134
"2392","7333",0.750505831078429
"2393","7440",2.64291195115413
"2394","7484",0.155279158960127
"2395","7555",-0.799384160662172
"2396","9034",1.00082296203506
"2397","4481",-0.960652542436323
"2398","4534",-0.015554292907712
"2399","4692",0.654971993517455
"2400","4770",0.0997741869779705
"2401","4960",0.268551031157047
"2402","4993",-0.295445323277648
"2403","7177",-0.460525111241399
"2404","7309",0.203715918622401
"2405","7439",0.836561335800557
"2406","7561",0.674719031143351
"2407","9534",-1.94277039147547
"2408","4536",-0.84219558744861
"2409","4618",-1.62062501688127
"2410","4738",0.153891934875585
"2411","4814",0.339043336741629
"2412","4868",-0.938093191106702
"2413","4957",0.197591483447024
"2414","7126",-0.741161564417595
"2415","7303",-0.261597378652769
"2416","7397",-0.648931472586948
"2417","7647",-1.06818689138222
"2418","8750",-0.162902954332812
"2419","4531",-0.460870207498228
"2420","4679",0.45306205821981
"2421","4687",-0.466816813953876
"2422","4736",-1.3328929500314
"2423","4877",-0.197900877162377
"2424","7250",1.85152774603906
"2425","7298",0.0767581588508503
"2426","7438",0.458398112013092
"2427","7590",0.318459516731974
"2428","8473",1.70919423295792
"2429","4471",-1.73104626023698
"2430","4577",0.26646756125404
"2431","4755",-0.117915837412968
"2432","4821",0.417541728819983
"2433","4918",0.0384028660369588
"2434","4990",-0.955337842520638
"2435","7197",0.430441944840958
"2436","7229",0.382519177245467
"2437","7329",-0.574811188467938
"2438","7383",0.864374754656336
"2439","8069",-0.671368699394758
"2440","4583",-0.547669020840715
"2441","4621",-0.850517617755364
"2442","4757",0.638432101756817
"2443","4968",-0.50677658401454
"2444","7128",1.17013393454119
"2445","7359",-0.415551709659568
"2446","7522",0.682978921209911
"2447","7551",-0.461923997078488
"2448","8978",-0.463272062962692
"2449","4563",-0.444062663840641
"2450","4580",-0.648615450249205
"2451","4890",0.616907610821906
"2452","4929",0.00952070469122228
"2453","7140",-1.09328195693343
"2454","7173",-0.476855757693886
"2455","7207",1.56696233382166
"2456","7430",0.931220166659627
"2457","7543",-0.910215405085954
"2458","9849",-0.905566767808365
"2459","4470",0.696684816763846
"2460","4695",-0.937576586149392
"2461","4933",0.278585675291908
"2462","7171",0.397758256602772
"2463","7225",1.15618333283616
"2464","7251",-0.00209921135384045
"2465","7296",0.60419690877966
"2466","7381",1.61662339233664
"2467","7521",-1.27347450608399
"2468","7547",0.0540437625476869
"2469","9044",-0.103574185925666
"2470","4609",0.785430567334624
"2471","4848",-0.104857084922356
"2472","4870",2.25212044086983
"2473","7243",0.405483678062293
"2474","7292",-0.974292855523856
"2475","7293",-0.0224057427237365
"2476","7328",0.452316594835791
"2477","7356",2.07723819182502
"2478","7493",0.309850375174093
"2479","7579",-1.29534751121577
"2480","8752",1.58096038958779
"2481","4502",0.41630989638292
"2482","4546",-0.889181345403142
"2483","4645",1.56115951832129
"2484","4802",-2.30865290523212
"2485","4964",0.434151285765346
"2486","7318",0.0663997755894541
"2487","7320",-0.255525284455236
"2488","7431",-0.204619407360831
"2489","7446",0.170001263576852
"2490","7541",-1.87105446579037
"2491","9889",-1.02899469564438
"2492","4508",0.43107023605544
"2493","4582",-1.65384870695773
"2494","4793",-1.29470872581329
"2495","4798",-0.0955358177971101
"2496","4857",1.53652698575656
"2497","4965",0.750103150845528
"2498","7168",0.975945395463233
"2499","7212",-0.510386003138483
"2500","7282",0.88777188022146
"2501","7517",-0.204925441857174
"2502","7862",1.04986852321253
"2503","9962",-1.25490948374907
"2504","4557",-0.125718921602211
"2505","4684",-1.21533422278182
"2506","4724",0.813430311054987
"2507","4937",1.45082651237382
"2508","4962",-0.419523681839383
"2509","7237",2.11545989225561
"2510","7238",-0.528823474388531
"2511","7395",-0.703271461090589
"2512","7402",-0.48236444293807
"2513","8106",-0.482947584257468
"2514","4527",0.305150402339635
"2515","4553",0.332594007389526
"2516","4792",-0.752048404348487
"2517","4871",1.11416512519657
"2518","4944",0.551558720398069
"2519","7155",0.402271768478622
"2520","7205",0.416594009459951
"2521","7283",0.0604898934346762
"2522","7460",-0.150456396458659
"2523","7589",-0.248999791897363
"2524","9821",0.803582122593617
"2525","4648",-0.773716351373164
"2526","4739",-0.355768673685963
"2527","4852",-0.457306148716261
"2528","4966",-0.292568440447363
"2529","7100",0.493579893099057
"2530","7127",-0.828447037785018
"2531","7134",-0.20056690291329
"2532","7357",-0.60933050679225
"2533","7510",0.291409734268489
"2534","9014",-0.131479725866724
"2535","4528",0.924335248907706
"2536","4636",-0.188210286797454
"2537","4753",0.510888636385542
"2538","4826",-1.71306610079704
"2539","4942",-0.339884633172514
"2540","7148",0.0115754688603911
"2541","7191",-0.236627521036812
"2542","7409",1.54556657612479
"2543","7452",0.617542384965705
"2544","7588",-0.176129985375857
"2545","8799",1.44366175087105
"2546","4473",1.47270097044373
"2547","4484",0.841845901806779
"2548","4668",-0.388748383737381
"2549","4791",0.216053202147322
"2550","4863",-0.329062011301234
"2551","4883",-0.650698781088816
"2552","7339",-2.83382217368347
"2553","7373",1.53611558399015
"2554","7476",0.647224626445719
"2555","7549",0.805940172827421
"2556","8818",0.674067275843541
"2557","4503",0.398070160643804
"2558","4654",-0.181028992602759
"2559","4900",-1.3442167993688
"2560","4953",-0.086608954585114
"2561","7116",0.922942405053014
"2562","7208",0.700488144165285
"2563","7234",-1.36029313865599
"2564","7248",0.158231352183815
"2565","7361",0.491762991999185
"2566","7513",0.569381727089255
"2567","8920",0.339708592906204
"2568","4501",-0.652641732154139
"2569","4781",0.623707797253939
"2570","4788",0.0344736673824867
"2571","4794",-0.00590433903395308
"2572","4974",0.824602066391111
"2573","7156",2.11517993784171
"2574","7230",1.38001174800641
"2575","7295",-0.417188366794015
"2576","7307",0.751624514453331
"2577","7481",0.410175616060965
"2578","8854",1.08836562703377
